{
    "$schema": "../../schemas/worldgen/material.json",
    "id": "n2",
    "tags": [
        "wg"
    ],
    "abundance": {
        "min": 0.2,
        "max": 0.4
    },
    "molar": 28,
    "greenhouse": 0.1,
    "colors": {
        "solid": {
            "r": 0.7686274509803922,
            "g": 0.9137254901960784,
            "b": 1
        },
        "liquid": {
            "r": 0.7686274509803922,
            "g": 0.9137254901960784,
            "b": 1
        },
        "gas": {
            "r": 0.7686274509803922,
            "g": 0.9137254901960784,
            "b": 1
        }
    },
    "phases": {
        "type": "triple",
        "triple": {
            "P": 15370,
            "T": 67.65
        },
        "boil": [
            {
                "P": 1350000,
                "T": 126.2
            }
        ],
        "melt": [
            {
                "P": 10000000000,
                "T": 110
            }
        ],
        "subl": [
            {
                "P": 1,
                "T": 5
            }
        ]
    }
}
